{
  "title": "Inline Chats",
  "description": "Converts [[!text]] into clickable links to chat the same",
  "version": "2.3.2",
  "scripts": ["module.js"],
  "styles": ["style.css"],
  "url": "https://github.com/xaukael/inline-chats",
  "manifest": "https://github.com/xaukael/inline-chats/raw/main/module.json",
  "download": "https://github.com/xaukael/inline-chats/raw/main/inline-chats.zip",
  "id": "inline-chats",
  "name": "inline-chats",
  "authors": [{"name":"Xaukael"}],
  "compatibility": {
    "minimum": "10",
    "verified": "11"
  }
}