{
  "title": "Inline Chats",
  "description": "Converts [[!text]] into clickable links to chat the same",
  "version": "2.3.0",
  "scripts": ["module.js"],
  "styles": ["style.css"],
  "url": "https://github.com/xaukael/inline-chats",
  "manifest": "https://github.com/xaukael/inline-chats/raw/main/module.json",
  "download": "https://github.com/xaukael/inline-chats/raw/main/inline-chats.zip",
  "id": "inline-chats",
  "name": "inline-chats",
  "author": "Xaukael",
  "minimumCoreVersion": "10",
  "compatibleCoreVersion": "10"
}