{
  "title": "Inline Chats",
  "description": "Converts [[!text]] into clickable links to chat the same",
  "version": "2.0.0",
  "esmodules": [
    "module.js"
  ],
  "styles": [
    "style.css"
  ],
  "url": "https://github.com/xaukael/inline-chats",
  "manifest": "https://github.com/xaukael/inline-chats/raw/main/module.json",
  "download": "https://github.com/xaukael/inline-chats/raw/main/inline-chats.zip",
  "id": "inline-chats",
  "authors": [
    {
      "name": "Xaukael",
      "flags": {}
    }
  ],
  "relationships": {
    "requires": [   ]
  },
  "compatibility": {
    "minimum": "9",
    "verified": "9"
  }
}